{"player_data":[99.0,105.0],"guard_data":[[[634.0,282.0],[[632.0,283.0],[641.0,172.0],[617.0,88.0],[563.0,40.0],[407.0,29.0],[288.0,47.0],[236.0,98.0],[230.0,156.0],[260.0,205.0],[325.0,253.0],[401.0,313.0],[440.0,417.0],[460.0,472.0],[437.0,521.0],[314.0,571.0],[166.0,576.0],[76.0,552.0],[44.0,487.0],[52.0,376.0],[83.0,301.0],[164.0,273.0],[293.0,273.0],[386.0,288.0],[490.0,347.0],[564.0,346.0]]],[[606.0,441.0],[[605.0,439.0],[711.0,305.0],[724.0,286.0],[730.0,265.0],[730.0,238.0],[716.0,220.0],[678.0,211.0],[654.0,223.0],[622.0,240.0],[602.0,268.0],[395.0,503.0],[380.0,527.0],[381.0,553.0],[395.0,573.0],[412.0,585.0],[441.0,585.0],[468.0,568.0]]]],"obstacle_data":[[[140.92303,362.38458],[192.92303,381.38458],[249.92303,370.38458],[282.92307,329.38458],[317.92307,337.38458],[364.9231,394.38458],[302.92307,444.38458],[268.92303,481.38458],[246.92303,523.38464],[190.92303,538.38464],[149.92303,431.38458],[114.923035,451.38458],[113.923035,401.38458]],[[410.86713,109.1958],[452.50354,85.468544],[506.50354,91.468544],[511.50354,135.46857],[479.50354,153.46854],[504.50354,195.46854],[487.50354,228.46854],[450.50354,211.46854],[416.50354,232.46854],[398.86713,197.1958],[418.86713,139.1958],[375.50354,138.46857],[371.86713,97.19581]],[[126.61163,144.85938],[143.23663,114.671875],[138.23663,82.671875],[152.61163,61.859375],[178.23663,80.671875],[185.23663,104.671875],[165.23663,140.67188],[164.23663,174.67188],[132.61163,196.85938],[96.23663,198.67188],[64.61163,179.85938],[44.611633,151.85938],[57.642883,136.0],[86.64288,150.0]]],"end_area_data":[[675.0,475.0],[775.0,475.0],[775.0,575.0],[675.0,575.0]]}